Var,CS,CSS,Kw,P,D,B,C,Q,QC,P_Score,Sub_Cen,Num_cc,Max_cc_ratio,eff,hitting_time,sens,commute_time
AY.1,0.2864603734168952,0.4657489290955663,0.33894798224092015,0.41641719018565587,0.4867969684882329,0.05588973193591006,0.6550263771764201,-5.961111032755004e-06,0.010294429190119437,0.9991448035785001,3.2629590923391523,3,0.7777777777777778,557.6629957681507,81916.66997803432,134.50979247346444,217181.43166648896
AY.9.2.1,0.29523523523523526,0.34691527692179774,0.34198967207887376,0.36176482857776593,0.48766716196136706,0.08449541284403664,0.6825088162145907,4.187315138801318e-05,0.01032891296309679,0.99906392686725,3.924371697580288,2,0.9047619047619048,761.449114313624,100793.89613773962,185.7985698028346,253007.53270347006
