Var,eff,hitting_time,sens,commute_time
AY.1,557.6629957681507,81916.66997803432,134.50979247346444,217181.43166648896
AY.9.2.1,761.449114313624,100793.89613773962,185.7985698028346,253007.53270347006
