variants,pred_labels,pred_probs
AY.1,1,0.5597956959525163
AY.9.2.1,0,0.19650945505290518
